id,firstname,lastname,email,profession
100,Blinni,Nester,Blinni.Nester@yopmail.com,worker
101,Aigneis,Libna,Aigneis.Libna@yopmail.com,developer
102,Beverley,Camden,Beverley.Camden@yopmail.com,worker
103,Ronna,Kazimir,Ronna.Kazimir@yopmail.com,police officer
104,Valeda,Thornburg,Valeda.Thornburg@yopmail.com,police officer
105,Cordi,Henebry,Cordi.Henebry@yopmail.com,doctor
106,Jessamyn,Garlinda,Jessamyn.Garlinda@yopmail.com,doctor
107,Mariele,Burnside,Mariele.Burnside@yopmail.com,developer
108,Katleen,Marlie,Katleen.Marlie@yopmail.com,worker

109,Celisse,Ivens,Celisse.Ivens@yopmail.com,police officer
110,Cam,Weaks,Cam.Weaks@yopmail.com,developer
111,Lolita,Ilka,Lolita.Ilka@yopmail.com,doctor
112,Averyl,Darrell,Averyl.Darrell@yopmail.com,police officer
113,Annice,Orelee,Annice.Orelee@yopmail.com,firefighter
114,Mariann,Cleo,Mariann.Cleo@yopmail.com,worker
115,Cyb,Phyllis,Cyb.Phyllis@yopmail.com,police officer
116,Ulrike,Nester,Ulrike.Nester@yopmail.com,developer
117,Celisse,Vilma,Celisse.Vilma@yopmail.com,worker
118,Mady,Thema,Mady.Thema@yopmail.com,developer
119,Susette,Cressida,Susette.Cressida@yopmail.com,developer
120,Corly,Monaco,Corly.Monaco@yopmail.com,firefighter
121,Rubie,Liebermann,Rubie.Liebermann@yopmail.com,firefighter
122,Bertine,Arley,Bertine.Arley@yopmail.com,firefighter
123,Kalina,Gaynor,Kalina.Gaynor@yopmail.com,developer
124,Kenna,Medrek,Kenna.Medrek@yopmail.com,developer
125,Tamqrah,August,Tamqrah.August@yopmail.com,worker
126,Berta,Libna,Berta.Libna@yopmail.com,worker
127,Ricky,Delila,Ricky.Delila@yopmail.com,doctor
128,Lucille,Stephie,Lucille.Stephie@yopmail.com,police officer
129,Aili,Marden,Aili.Marden@yopmail.com,worker
130,Ana,Catie,Ana.Catie@yopmail.com,firefighter
131,Merrie,Kevon,Merrie.Kevon@yopmail.com,developer
132,Atlanta,Jacinda,Atlanta.Jacinda@yopmail.com,worker
133,Felice,Andrel,Felice.Andrel@yopmail.com,doctor
134,Kellen,Neva,Kellen.Neva@yopmail.com,police officer
135,Annaliese,Adlare,Annaliese.Adlare@yopmail.com,worker
136,Gavrielle,Richers,Gavrielle.Richers@yopmail.com,doctor
137,Rochette,Constancy,Rochette.Constancy@yopmail.com,police officer
138,Chloris,Ruvolo,Chloris.Ruvolo@yopmail.com,doctor
139,Vivia,Calhoun,Vivia.Calhoun@yopmail.com,police officer
140,Jany,Kenney,Jany.Kenney@yopmail.com,developer
141,Gisela,Macey,Gisela.Macey@yopmail.com,doctor
142,Annabela,Penelopa,Annabela.Penelopa@yopmail.com,developer
143,Deirdre,Minetta,Deirdre.Minetta@yopmail.com,doctor
144,Roslyn,Francyne,Roslyn.Francyne@yopmail.com,doctor
145,Sharai,Shaver,Sharai.Shaver@yopmail.com,worker
146,Amii,Sigfrid,Amii.Sigfrid@yopmail.com,doctor
147,Ida,Orelee,Ida.Orelee@yopmail.com,developer
148,Andree,Obed,Andree.Obed@yopmail.com,developer
149,Harrietta,Bahr,Harrietta.Bahr@yopmail.com,doctor
150,Lorenza,Even,Lorenza.Even@yopmail.com,firefighter
151,Tamqrah,Kannry,Tamqrah.Kannry@yopmail.com,developer
152,Elvira,Kunin,Elvira.Kunin@yopmail.com,developer
153,Concettina,Revkah,Concettina.Revkah@yopmail.com,firefighter
154,Marsiella,Margarete,Marsiella.Margarete@yopmail.com,developer
155,Aurore,Charity,Aurore.Charity@yopmail.com,developer
156,Hettie,Sheedy,Hettie.Sheedy@yopmail.com,police officer
157,Fina,Capello,Fina.Capello@yopmail.com,police officer
158,Phedra,Taima,Phedra.Taima@yopmail.com,firefighter
159,Emmey,Brian,Emmey.Brian@yopmail.com,developer
160,Mariele,Stacy,Mariele.Stacy@yopmail.com,police officer

161,Aigneis,Woodberry,Aigneis.Woodberry@yopmail.com,doctor
162,Celene,Melleta,Celene.Melleta@yopmail.com,police officer
163,Gertrud,Cristi,Gertrud.Cristi@yopmail.com,firefighter
164,Aigneis,Mehalek,Aigneis.Mehalek@yopmail.com,firefighter
165,Misha,Parsaye,Misha.Parsaye@yopmail.com,police officer
166,Kellen,Leler,Kellen.Leler@yopmail.com,firefighter
167,Evaleen,Artie,Evaleen.Artie@yopmail.com,firefighter
168,Vita,Kaete,Vita.Kaete@yopmail.com,worker
169,Marnia,Soneson,Marnia.Soneson@yopmail.com,worker
170,Bill,Kazimir,Bill.Kazimir@yopmail.com,firefighter
171,Cordi,Tayib,Cordi.Tayib@yopmail.com,worker
172,Verla,Schenck,Verla.Schenck@yopmail.com,worker
173,Kittie,Adlare,Kittie.Adlare@yopmail.com,firefighter
174,Minda,Georgy,Minda.Georgy@yopmail.com,firefighter
175,June,Mitzi,June.Mitzi@yopmail.com,worker
176,Demetris,Center,Demetris.Center@yopmail.com,worker
177,Tatiania,Slifka,Tatiania.Slifka@yopmail.com,firefighter
178,Cherrita,Pierette,Cherrita.Pierette@yopmail.com,firefighter
179,Rebeca,Genna,Rebeca.Genna@yopmail.com,firefighter
180,Renie,Luhe,Renie.Luhe@yopmail.com,doctor
181,Shel,Dosia,Shel.Dosia@yopmail.com,firefighter
182,Sabina,Syd,Sabina.Syd@yopmail.com,firefighter
183,Rhea,Zuzana,Rhea.Zuzana@yopmail.com,police officer
184,Ardeen,Engdahl,Ardeen.Engdahl@yopmail.com,firefighter
185,Madalyn,Fontana,Madalyn.Fontana@yopmail.com,doctor
186,Priscilla,Estella,Priscilla.Estella@yopmail.com,doctor
187,Orsola,Dash,Orsola.Dash@yopmail.com,police officer
188,Jan,Lamoree,Jan.Lamoree@yopmail.com,worker
189,Brietta,Even,Brietta.Even@yopmail.com,doctor
190,Kristina,Wenoa,Kristina.Wenoa@yopmail.com,doctor
191,Lyssa,Cressida,Lyssa.Cressida@yopmail.com,worker
192,Janenna,Diann,Janenna.Diann@yopmail.com,doctor
193,Arabel,Ledah,Arabel.Ledah@yopmail.com,police officer
194,Lanna,Lory,Lanna.Lory@yopmail.com,developer
195,Renae,Verger,Renae.Verger@yopmail.com,firefighter
196,Romona,Leopold,Romona.Leopold@yopmail.com,worker
197,Zia,Alejoa,Zia.Alejoa@yopmail.com,police officer
198,Hermione,Georas,Hermione.Georas@yopmail.com,police officer
199,Robinia,Thomasina,Robinia.Thomasina@yopmail.com,police officer